[
  {
    "id": "6f2570c8-b6c9-4716-b022-2c22e05dc5cf",
    "data": [
      {
        "text": "Menu",
        "userDefined": false
      }
    ],
    "isTemplate": false,
    "count": 1,
    "lang": "en",
    "updated": 0
  },
  {
    "id": "2631031b-7258-4b00-ad90-ea78d357a8a0",
    "data": [
      {
        "text": "what\u0027s in the menu",
        "userDefined": false
      }
    ],
    "isTemplate": false,
    "count": 0,
    "lang": "en",
    "updated": 0
  },
  {
    "id": "ac2f1e6f-a672-4395-9e05-f1a72dd66d73",
    "data": [
      {
        "text": "show me the menu",
        "userDefined": false
      }
    ],
    "isTemplate": false,
    "count": 2,
    "lang": "en",
    "updated": 0
  }
]