[
  {
    "id": "d8148dd4-894a-4df5-a81e-b22604694427",
    "data": [
      {
        "text": "finish the purchase",
        "userDefined": false
      }
    ],
    "isTemplate": false,
    "count": 0,
    "lang": "en",
    "updated": 0
  },
  {
    "id": "ccf69341-0f51-4fb3-94d1-fb7bf4327b92",
    "data": [
      {
        "text": "finalize and confirm",
        "userDefined": false
      }
    ],
    "isTemplate": false,
    "count": 0,
    "lang": "en",
    "updated": 0
  },
  {
    "id": "ba246b52-af55-428c-b63e-9a3cc8aaee6c",
    "data": [
      {
        "text": "complete transaction",
        "userDefined": false
      }
    ],
    "isTemplate": false,
    "count": 0,
    "lang": "en",
    "updated": 0
  },
  {
    "id": "888f3ac4-e36c-4819-b2cc-ad7c40392290",
    "data": [
      {
        "text": "order confirmation",
        "userDefined": false
      }
    ],
    "isTemplate": false,
    "count": 0,
    "lang": "en",
    "updated": 0
  },
  {
    "id": "9c07f1ee-03ce-4f28-9653-22d46d39c3c2",
    "data": [
      {
        "text": "Confirm it",
        "userDefined": false
      }
    ],
    "isTemplate": false,
    "count": 0,
    "lang": "en",
    "updated": 0
  },
  {
    "id": "6d81f6e6-3529-415f-9bfa-b2273493bc57",
    "data": [
      {
        "text": "Okay, confirm",
        "userDefined": false
      }
    ],
    "isTemplate": false,
    "count": 0,
    "lang": "en",
    "updated": 0
  },
  {
    "id": "c98d6201-7e80-4c6c-ab1a-4d28b741bd31",
    "data": [
      {
        "text": "Yes, confirm order",
        "userDefined": false
      }
    ],
    "isTemplate": false,
    "count": 0,
    "lang": "en",
    "updated": 0
  },
  {
    "id": "87ebef21-35a5-4814-bcb3-bab32f75f976",
    "data": [
      {
        "text": "Confirm, please",
        "userDefined": false
      }
    ],
    "isTemplate": false,
    "count": 0,
    "lang": "en",
    "updated": 0
  },
  {
    "id": "1ee26f16-b6d6-4aa5-9022-904a1c02bd2e",
    "data": [
      {
        "text": "complete order",
        "userDefined": false
      }
    ],
    "isTemplate": false,
    "count": 0,
    "lang": "en",
    "updated": 0
  },
  {
    "id": "4ea59ad1-a96a-48e5-b812-753c22a9fdea",
    "data": [
      {
        "text": "proceed order",
        "userDefined": false
      }
    ],
    "isTemplate": false,
    "count": 0,
    "lang": "en",
    "updated": 0
  },
  {
    "id": "d13b4233-17db-4d68-a1ac-2b4c82370575",
    "data": [
      {
        "text": "proceed",
        "userDefined": false
      }
    ],
    "isTemplate": false,
    "count": 0,
    "lang": "en",
    "updated": 0
  },
  {
    "id": "22d46bd4-3594-4f54-85b5-02dd8513ffc1",
    "data": [
      {
        "text": "confirm order",
        "userDefined": false
      }
    ],
    "isTemplate": false,
    "count": 0,
    "lang": "en",
    "updated": 0
  },
  {
    "id": "5f0b2a7d-5203-4139-b48b-4a4891d3e1ce",
    "data": [
      {
        "text": "ye complete please",
        "userDefined": false
      }
    ],
    "isTemplate": false,
    "count": 0,
    "lang": "en",
    "updated": 0
  },
  {
    "id": "cb02f4ab-2893-4f39-bd3c-afe5f083eb8a",
    "data": [
      {
        "text": "confirm",
        "userDefined": false
      }
    ],
    "isTemplate": false,
    "count": 0,
    "lang": "en",
    "updated": 0
  },
  {
    "id": "99dd4883-5414-4794-aa7f-b104d18d0b92",
    "data": [
      {
        "text": "I want to confirm",
        "userDefined": false
      }
    ],
    "isTemplate": false,
    "count": 0,
    "lang": "en",
    "updated": 0
  },
  {
    "id": "f3159fb7-83c7-4989-980d-81364e2d1909",
    "data": [
      {
        "text": "yes confirm",
        "userDefined": false
      }
    ],
    "isTemplate": false,
    "count": 0,
    "lang": "en",
    "updated": 0
  },
  {
    "id": "d6accf21-41c2-4ae4-8043-88ed29b96bb7",
    "data": [
      {
        "text": "I confirm",
        "userDefined": false
      }
    ],
    "isTemplate": false,
    "count": 0,
    "lang": "en",
    "updated": 0
  }
]