[
  {
    "id": "aa9e9e2a-9c29-4454-9e3c-dbb80dbcc0ed",
    "data": [
      {
        "text": "When is the store open today?",
        "userDefined": false
      }
    ],
    "isTemplate": false,
    "count": 0,
    "lang": "en",
    "updated": 0
  },
  {
    "id": "c3f4d025-2518-4081-8f6c-4c36685855ab",
    "data": [
      {
        "text": "What are the hours of operation?",
        "userDefined": false
      }
    ],
    "isTemplate": false,
    "count": 0,
    "lang": "en",
    "updated": 0
  },
  {
    "id": "ff227576-41ec-4a9e-a62a-297f61a04a83",
    "data": [
      {
        "text": "What are your business hours?",
        "userDefined": false
      }
    ],
    "isTemplate": false,
    "count": 0,
    "lang": "en",
    "updated": 0
  },
  {
    "id": "6361ab15-13eb-49e5-9c9a-c8fd1724375a",
    "data": [
      {
        "text": "Closing hours",
        "userDefined": false
      }
    ],
    "isTemplate": false,
    "count": 0,
    "lang": "en",
    "updated": 0
  },
  {
    "id": "2b37e315-697a-42a2-aebe-75f9c520834b",
    "data": [
      {
        "text": "Opening hours",
        "userDefined": false
      }
    ],
    "isTemplate": false,
    "count": 0,
    "lang": "en",
    "updated": 0
  },
  {
    "id": "e24f463c-046b-478d-ae61-5a7e27d64ac2",
    "data": [
      {
        "text": "Business hours",
        "userDefined": false
      }
    ],
    "isTemplate": false,
    "count": 0,
    "lang": "en",
    "updated": 0
  },
  {
    "id": "051b29c0-5a2a-49a5-a024-8ee170fb3ee3",
    "data": [
      {
        "text": "When do you open and close?",
        "userDefined": false
      }
    ],
    "isTemplate": false,
    "count": 0,
    "lang": "en",
    "updated": 0
  },
  {
    "id": "5315f599-ddda-47a4-b8f2-7858ad2e5fae",
    "data": [
      {
        "text": "What time do you close?",
        "userDefined": false
      }
    ],
    "isTemplate": false,
    "count": 0,
    "lang": "en",
    "updated": 0
  },
  {
    "id": "1b5fc3da-5525-4cf3-8dbe-332b2cedf693",
    "data": [
      {
        "text": "What time do you open?",
        "userDefined": false
      }
    ],
    "isTemplate": false,
    "count": 0,
    "lang": "en",
    "updated": 0
  },
  {
    "id": "1a52c216-4f3c-4f9d-a8c9-22f53512812d",
    "data": [
      {
        "text": "Can you tell me the store hours?",
        "userDefined": false
      }
    ],
    "isTemplate": false,
    "count": 0,
    "lang": "en",
    "updated": 0
  },
  {
    "id": "1ef3642d-6afc-4bed-b999-c75862cf071a",
    "data": [
      {
        "text": "When are you open?",
        "userDefined": false
      }
    ],
    "isTemplate": false,
    "count": 0,
    "lang": "en",
    "updated": 0
  },
  {
    "id": "3c70cd14-f17b-40b1-a0b7-830cad5eaf02",
    "data": [
      {
        "text": "What are your store hours?",
        "userDefined": false
      }
    ],
    "isTemplate": false,
    "count": 0,
    "lang": "en",
    "updated": 0
  },
  {
    "id": "f17a5a6c-ca42-4273-9919-886a673751dc",
    "data": [
      {
        "text": "When do you close?",
        "userDefined": false
      }
    ],
    "isTemplate": false,
    "count": 0,
    "lang": "en",
    "updated": 0
  },
  {
    "id": "2be883b0-0ef3-42b2-9569-6f26da0c47e2",
    "data": [
      {
        "text": "When is the store open?",
        "userDefined": false
      }
    ],
    "isTemplate": false,
    "count": 0,
    "lang": "en",
    "updated": 0
  },
  {
    "id": "49f452a9-2820-47fb-a505-689a36c6bb8d",
    "data": [
      {
        "text": "store hours",
        "userDefined": false
      }
    ],
    "isTemplate": false,
    "count": 0,
    "lang": "en",
    "updated": 0
  },
  {
    "id": "7abae225-beda-4597-8a6c-d8f59e0d39cd",
    "data": [
      {
        "text": "store",
        "userDefined": false
      }
    ],
    "isTemplate": false,
    "count": 0,
    "lang": "en",
    "updated": 0
  }
]