[
  {
    "id": "ae75eaa8-bf60-4548-bc6b-59d81fc34b82",
    "data": [
      {
        "text": "Greetings",
        "userDefined": false
      }
    ],
    "isTemplate": false,
    "count": 0,
    "lang": "en",
    "updated": 0
  },
  {
    "id": "7204b2e7-b77b-4721-b556-eb6411f57c2f",
    "data": [
      {
        "text": "What\u0027s going on",
        "userDefined": false
      }
    ],
    "isTemplate": false,
    "count": 0,
    "lang": "en",
    "updated": 0
  },
  {
    "id": "b18a59cd-0616-4568-ab88-5c4b41b5381f",
    "data": [
      {
        "text": "What\u0027s happening",
        "userDefined": false
      }
    ],
    "isTemplate": false,
    "count": 0,
    "lang": "en",
    "updated": 0
  },
  {
    "id": "d5c27ade-a1b6-4616-abb4-21b8187dbdc8",
    "data": [
      {
        "text": "What\u0027s good",
        "userDefined": false
      }
    ],
    "isTemplate": false,
    "count": 0,
    "lang": "en",
    "updated": 0
  },
  {
    "id": "7cda0657-bfe4-4ad0-8c34-560eebc79548",
    "data": [
      {
        "text": "Hiya",
        "userDefined": false
      }
    ],
    "isTemplate": false,
    "count": 0,
    "lang": "en",
    "updated": 0
  },
  {
    "id": "620da37c-9201-4f76-8784-b1f3066aceb6",
    "data": [
      {
        "text": "yo",
        "userDefined": false
      }
    ],
    "isTemplate": false,
    "count": 0,
    "lang": "en",
    "updated": 0
  },
  {
    "id": "29aa2c5a-eca0-4a12-a847-6f06e139ed2e",
    "data": [
      {
        "text": "Howdy",
        "userDefined": false
      }
    ],
    "isTemplate": false,
    "count": 0,
    "lang": "en",
    "updated": 0
  },
  {
    "id": "4545f85a-1d1b-4a77-b2a3-ef7dda4db5c8",
    "data": [
      {
        "text": "Hello there",
        "userDefined": false
      }
    ],
    "isTemplate": false,
    "count": 0,
    "lang": "en",
    "updated": 0
  },
  {
    "id": "e0cb4eae-1254-4aa3-8505-2b8c77f9e5eb",
    "data": [
      {
        "text": "How are you doing today",
        "userDefined": false
      }
    ],
    "isTemplate": false,
    "count": 0,
    "lang": "en",
    "updated": 0
  },
  {
    "id": "cdab09de-6091-4145-8a1c-3ac1ba7ecb40",
    "data": [
      {
        "text": "Can someone help me",
        "userDefined": false
      }
    ],
    "isTemplate": false,
    "count": 0,
    "lang": "en",
    "updated": 0
  },
  {
    "id": "611ed648-7eb6-4771-afa7-ffc39cf25dad",
    "data": [
      {
        "text": "Is anyone there?",
        "userDefined": false
      }
    ],
    "isTemplate": false,
    "count": 0,
    "lang": "en",
    "updated": 0
  },
  {
    "id": "620f0e08-dde0-4897-8c0c-2624deca1c3d",
    "data": [
      {
        "text": "good evening",
        "userDefined": false
      }
    ],
    "isTemplate": false,
    "count": 0,
    "lang": "en",
    "updated": 0
  },
  {
    "id": "238a89ea-b5fc-474c-a631-cddbf5abc245",
    "data": [
      {
        "text": "good morning",
        "userDefined": false
      }
    ],
    "isTemplate": false,
    "count": 0,
    "lang": "en",
    "updated": 0
  },
  {
    "id": "f2c33914-2a9c-441e-bd75-c50e59c9bbb8",
    "data": [
      {
        "text": "what\u0027s up",
        "userDefined": false
      }
    ],
    "isTemplate": false,
    "count": 0,
    "lang": "en",
    "updated": 0
  },
  {
    "id": "81a03d5c-e9ae-4655-8d75-606d85c3c769",
    "data": [
      {
        "text": "hllo",
        "userDefined": false
      }
    ],
    "isTemplate": false,
    "count": 0,
    "lang": "en",
    "updated": 0
  },
  {
    "id": "4ac770dc-1edb-4907-8cbd-62d65063d264",
    "data": [
      {
        "text": "hlo",
        "userDefined": false
      }
    ],
    "isTemplate": false,
    "count": 0,
    "lang": "en",
    "updated": 0
  },
  {
    "id": "ebbdb603-d898-4160-bacb-c44343d4a1ce",
    "data": [
      {
        "text": "hey",
        "userDefined": false
      }
    ],
    "isTemplate": false,
    "count": 0,
    "lang": "en",
    "updated": 0
  },
  {
    "id": "e35bb019-f12d-4c1b-bc68-e15be76fb2e9",
    "data": [
      {
        "text": "hello",
        "userDefined": false
      }
    ],
    "isTemplate": false,
    "count": 0,
    "lang": "en",
    "updated": 0
  },
  {
    "id": "8e7859f7-5905-4c77-8fdb-2edf1fd40466",
    "data": [
      {
        "text": "hi",
        "userDefined": false
      }
    ],
    "isTemplate": false,
    "count": 0,
    "lang": "en",
    "updated": 0
  }
]