[
  {
    "id": "cc120f2c-b7ee-43fa-95e6-0867926b5c17",
    "data": [
      {
        "text": "existing order",
        "userDefined": false
      }
    ],
    "isTemplate": false,
    "count": 0,
    "lang": "en",
    "updated": 0
  },
  {
    "id": "70d3474e-ae8d-4783-896e-18e9f2150ae4",
    "data": [
      {
        "text": "current order",
        "userDefined": false
      }
    ],
    "isTemplate": false,
    "count": 0,
    "lang": "en",
    "updated": 0
  },
  {
    "id": "7146ff9e-66b1-436f-9d15-d63db709ec01",
    "data": [
      {
        "text": "ongoing order",
        "userDefined": false
      }
    ],
    "isTemplate": false,
    "count": 0,
    "lang": "en",
    "updated": 0
  },
  {
    "id": "83ae572c-19c9-4f6b-b899-fa5d65979e0e",
    "data": [
      {
        "text": "fresh order",
        "userDefined": false
      }
    ],
    "isTemplate": false,
    "count": 1,
    "lang": "en",
    "updated": 0
  },
  {
    "id": "09fcc8e9-6c4d-4931-bb7f-8df77754e9ea",
    "data": [
      {
        "text": "How do I start a new order?",
        "userDefined": false
      }
    ],
    "isTemplate": false,
    "count": 0,
    "lang": "en",
    "updated": 0
  },
  {
    "id": "5272f06e-1489-4a6e-a366-0ab40bc1531e",
    "data": [
      {
        "text": "Can I get some food?",
        "userDefined": false
      }
    ],
    "isTemplate": false,
    "count": 0,
    "lang": "en",
    "updated": 0
  },
  {
    "id": "5e42639c-f5e4-4444-ae20-96cafa9a5cb3",
    "data": [
      {
        "text": "I want to get",
        "userDefined": false
      }
    ],
    "isTemplate": false,
    "count": 0,
    "lang": "en",
    "updated": 0
  },
  {
    "id": "6d10bd42-3bae-48a8-95c2-e8f1a6e194fd",
    "data": [
      {
        "text": "I\u0027d like to place an order",
        "userDefined": false
      }
    ],
    "isTemplate": false,
    "count": 0,
    "lang": "en",
    "updated": 0
  },
  {
    "id": "e79684b8-7d1a-45f9-94c4-168ae7596100",
    "data": [
      {
        "text": "I need to make a new order",
        "userDefined": false
      }
    ],
    "isTemplate": false,
    "count": 0,
    "lang": "en",
    "updated": 0
  },
  {
    "id": "ac9b1641-13ef-42ea-a69c-25b0541a4fe2",
    "data": [
      {
        "text": "I want to order more food",
        "userDefined": false
      }
    ],
    "isTemplate": false,
    "count": 0,
    "lang": "en",
    "updated": 0
  },
  {
    "id": "83047dd3-0464-4af2-a39e-77ffa2b71357",
    "data": [
      {
        "text": "Can I make a new order?",
        "userDefined": false
      }
    ],
    "isTemplate": false,
    "count": 0,
    "lang": "en",
    "updated": 0
  },
  {
    "id": "ffa311cd-3f64-4775-aa04-15d3c298f412",
    "data": [
      {
        "text": "How do I place a new order?",
        "userDefined": false
      }
    ],
    "isTemplate": false,
    "count": 0,
    "lang": "en",
    "updated": 0
  },
  {
    "id": "903934fd-2002-4b9f-b7ac-04d86f04f3e3",
    "data": [
      {
        "text": "I\u0027d like to order now",
        "userDefined": false
      }
    ],
    "isTemplate": false,
    "count": 0,
    "lang": "en",
    "updated": 0
  },
  {
    "id": "f28ebf07-d3c9-4392-8733-e580dbc3bb7f",
    "data": [
      {
        "text": "Let me place a new order",
        "userDefined": false
      }
    ],
    "isTemplate": false,
    "count": 0,
    "lang": "en",
    "updated": 0
  },
  {
    "id": "edd71ed4-e191-45d6-8b8a-9849e41b48e1",
    "data": [
      {
        "text": "I want to order something",
        "userDefined": false
      }
    ],
    "isTemplate": false,
    "count": 0,
    "lang": "en",
    "updated": 0
  },
  {
    "id": "64709cdf-2d3c-4a09-887f-6d74efea23fe",
    "data": [
      {
        "text": "Can I start a new order?",
        "userDefined": false
      }
    ],
    "isTemplate": false,
    "count": 0,
    "lang": "en",
    "updated": 0
  },
  {
    "id": "fd293604-672e-42b1-b799-907b38e99868",
    "data": [
      {
        "text": "I need to order food",
        "userDefined": false
      }
    ],
    "isTemplate": false,
    "count": 0,
    "lang": "en",
    "updated": 0
  },
  {
    "id": "fe98f7cc-5fb7-4a03-b450-f3f5c0388b10",
    "data": [
      {
        "text": "I want to order",
        "userDefined": false
      }
    ],
    "isTemplate": false,
    "count": 0,
    "lang": "en",
    "updated": 0
  },
  {
    "id": "1e499668-4501-4771-b29b-ef510b652de8",
    "data": [
      {
        "text": "I\u0027d like to make a new order",
        "userDefined": false
      }
    ],
    "isTemplate": false,
    "count": 0,
    "lang": "en",
    "updated": 0
  },
  {
    "id": "0f7d4991-56e8-4e87-845a-48ad7b116351",
    "data": [
      {
        "text": "Can I order some food?",
        "userDefined": false
      }
    ],
    "isTemplate": false,
    "count": 0,
    "lang": "en",
    "updated": 0
  },
  {
    "id": "6d3d2655-9a44-428f-b004-24abb8bcaec8",
    "data": [
      {
        "text": "I want to place a new order",
        "userDefined": false
      }
    ],
    "isTemplate": false,
    "count": 0,
    "lang": "en",
    "updated": 0
  }
]