[
  {
    "id": "4cc7b745-120e-498d-b0ac-3dc9d62e6008",
    "data": [
      {
        "text": "Where\u0027s my order?",
        "userDefined": false
      }
    ],
    "isTemplate": false,
    "count": 1,
    "lang": "en",
    "updated": 0
  },
  {
    "id": "54979b08-9148-46a3-b786-502d89744161",
    "data": [
      {
        "text": "How long until my order arrives?",
        "userDefined": false
      }
    ],
    "isTemplate": false,
    "count": 0,
    "lang": "en",
    "updated": 0
  },
  {
    "id": "7c079a50-a992-4eb9-9d44-8d0a4cdc9f84",
    "data": [
      {
        "text": "Can you track my order?",
        "userDefined": false
      }
    ],
    "isTemplate": false,
    "count": 0,
    "lang": "en",
    "updated": 0
  },
  {
    "id": "87487821-ee88-4863-b09c-3e3d32edc6f0",
    "data": [
      {
        "text": "Is my order out for delivery?",
        "userDefined": false
      }
    ],
    "isTemplate": false,
    "count": 0,
    "lang": "en",
    "updated": 0
  },
  {
    "id": "70302d23-125b-4a09-8bc7-415ba540eaf5",
    "data": [
      {
        "text": "Has my order been shipped?",
        "userDefined": false
      }
    ],
    "isTemplate": false,
    "count": 0,
    "lang": "en",
    "updated": 0
  },
  {
    "id": "6b91675e-d7ae-4536-803c-822569e0457b",
    "data": [
      {
        "text": "Update me on my order",
        "userDefined": false
      }
    ],
    "isTemplate": false,
    "count": 0,
    "lang": "en",
    "updated": 0
  },
  {
    "id": "c5d9eccc-2b1f-461a-ab98-4d3a33aa685d",
    "data": [
      {
        "text": "Can I see where my order is?",
        "userDefined": false
      }
    ],
    "isTemplate": false,
    "count": 0,
    "lang": "en",
    "updated": 0
  },
  {
    "id": "d7cd3b2b-3f1d-431d-9062-d91eb6c65f29",
    "data": [
      {
        "text": "When will my order arrive?",
        "userDefined": false
      }
    ],
    "isTemplate": false,
    "count": 0,
    "lang": "en",
    "updated": 0
  },
  {
    "id": "372515fc-50d0-460e-b62b-8bce02b2f9cb",
    "data": [
      {
        "text": "Is my order on the way?",
        "userDefined": false
      }
    ],
    "isTemplate": false,
    "count": 0,
    "lang": "en",
    "updated": 0
  },
  {
    "id": "b4142d34-65f1-4b7a-a5b0-f9a3a91daa7b",
    "data": [
      {
        "text": "Check my order status",
        "userDefined": false
      }
    ],
    "isTemplate": false,
    "count": 0,
    "lang": "en",
    "updated": 0
  },
  {
    "id": "7b2b51f8-6d83-433a-87f2-0ce8988a605f",
    "data": [
      {
        "text": "Can I get an update on my order?",
        "userDefined": false
      }
    ],
    "isTemplate": false,
    "count": 0,
    "lang": "en",
    "updated": 0
  },
  {
    "id": "1ca38cb4-bab0-4c67-a8fe-ce88c4a85c7d",
    "data": [
      {
        "text": "How is my order doing?",
        "userDefined": false
      }
    ],
    "isTemplate": false,
    "count": 0,
    "lang": "en",
    "updated": 0
  },
  {
    "id": "5b6159e2-a474-4456-bae2-7ce00910bf99",
    "data": [
      {
        "text": "What\u0027s the status of my order?",
        "userDefined": false
      }
    ],
    "isTemplate": false,
    "count": 0,
    "lang": "en",
    "updated": 0
  },
  {
    "id": "82dce73c-0fee-47b6-bd40-82a624b695a2",
    "data": [
      {
        "text": "I need to track my order",
        "userDefined": false
      }
    ],
    "isTemplate": false,
    "count": 0,
    "lang": "en",
    "updated": 0
  },
  {
    "id": "bde74d2a-75e1-468c-b831-7c8b6c028bd2",
    "data": [
      {
        "text": "Can you tell me the status of my order?",
        "userDefined": false
      }
    ],
    "isTemplate": false,
    "count": 0,
    "lang": "en",
    "updated": 0
  },
  {
    "id": "6b2cde10-7a46-44a0-873a-03e29edf5384",
    "data": [
      {
        "text": "Order status",
        "userDefined": false
      }
    ],
    "isTemplate": false,
    "count": 0,
    "lang": "en",
    "updated": 0
  },
  {
    "id": "3bf266fa-2deb-499d-87de-d7343d2f7218",
    "data": [
      {
        "text": "Where is my order?",
        "userDefined": false
      }
    ],
    "isTemplate": false,
    "count": 0,
    "lang": "en",
    "updated": 0
  },
  {
    "id": "03620127-ec80-473d-b9f1-1a50635481d6",
    "data": [
      {
        "text": "Track my order",
        "userDefined": false
      }
    ],
    "isTemplate": false,
    "count": 0,
    "lang": "en",
    "updated": 0
  },
  {
    "id": "b21aff51-1af7-429f-805c-809af1ee1ab4",
    "data": [
      {
        "text": "Can I check the status of my order?",
        "userDefined": false
      }
    ],
    "isTemplate": false,
    "count": 0,
    "lang": "en",
    "updated": 0
  },
  {
    "id": "357386e2-d8d7-4230-8877-b291623afdd1",
    "data": [
      {
        "text": "I want to track my order",
        "userDefined": false
      }
    ],
    "isTemplate": false,
    "count": 0,
    "lang": "en",
    "updated": 0
  }
]