[
  {
    "value": "Salmon Sushi",
    "synonyms": [
      "Salmon Sushi",
      "Salmon susi",
      "Salmen sushi",
      "Salmin sushi",
      "Salmon sushy",
      "Salmn sushi",
      "Salmon sushe",
      "Salomon sushi",
      "Salmon sishi",
      "Salmon suhi",
      "Salom sushi",
      "Sush salmon",
      "salmn",
      "salmons",
      "salmon"
    ]
  },
  {
    "value": "Tuna Sushi",
    "synonyms": [
      "Tuna Sushi",
      "Tuma sushi",
      "Tuns sushi",
      "Tuna susi",
      "Tuan sushi",
      "Tuna sushy",
      "Tunna sushi",
      "Tun sushi",
      "Tuna sushe",
      "Tonna sushi",
      "Tuno sushi",
      "Tuns suhi",
      "Tuna sishi",
      "Tuna sush",
      "tuna",
      "tunas"
    ]
  },
  {
    "value": "Chirasi",
    "synonyms": [
      "Chirasi",
      "Chirashi sushi",
      "Chirashi bowl",
      "Chirashi don",
      "Chirashi donburi",
      "Chiraschi",
      "Chirrashi",
      "Chirasu",
      "Chirashi suhi",
      "Chirasu sushi",
      "Chirasi sush",
      "Chirasi susi",
      "Chirrasi sushi",
      "Chirashy sushi",
      "Chirshi sushi",
      "Chirash sushi",
      "Chirasgi",
      "Chrirashi",
      "Chirashi su",
      "Chirashii",
      "chirsi",
      "chiarsimi",
      "chirasimi"
    ]
  }
]